{
  "label_mode": "market_excess",
  "hold_period": 2,
  "top_k": 3,
  "enabled": true,
  "score_quantile": 0.6,
  "topk_mean_quantile": 0.6,
  "score_gap_quantile": 0.5,
  "min_score": 0.006701890099793673,
  "min_topk_mean_score": 0.0066631752066314215,
  "min_score_gap": 0.000940205529332161,
  "score_p50": 0.006284861825406551,
  "score_p90": 0.008153011463582516,
  "valid_daily_count": 30,
  "valid_selected_count": 90,
  "valid_topk_mean_label": 0.011521432871328821,
  "valid_positive_label_rate": 0.5555555555555555,
  "valid_selected_mean_label": 0.011521432568487297
}