{
  "label_mode": "market_excess",
  "hold_period": 2,
  "top_k": 3,
  "enabled": true,
  "score_quantile": 0.6,
  "topk_mean_quantile": 0.6,
  "score_gap_quantile": 0.5,
  "min_score": 0.015285488963127137,
  "min_topk_mean_score": 0.015433899499475956,
  "min_score_gap": 0.0019014235585927963,
  "score_p50": 0.014969538897275925,
  "score_p90": 0.017886349186301234,
  "valid_daily_count": 29,
  "valid_selected_count": 87,
  "valid_topk_mean_label": 0.00871852614740231,
  "valid_positive_label_rate": 0.528735632183908,
  "valid_selected_mean_label": 0.008718526514378194
}