{
  "label_mode": "market_excess",
  "hold_period": 1,
  "top_k": 3,
  "enabled": true,
  "score_quantile": 0.6,
  "topk_mean_quantile": 0.6,
  "score_gap_quantile": 0.5,
  "min_score": 0.033563604950904845,
  "min_topk_mean_score": 0.0361438162624836,
  "min_score_gap": 0.015119124203920364,
  "score_p50": 0.030923977494239807,
  "score_p90": 0.04928434230387211,
  "valid_daily_count": 30,
  "valid_selected_count": 90,
  "valid_topk_mean_label": 0.00010161646641790867,
  "valid_positive_label_rate": 0.48888888888888893,
  "valid_selected_mean_label": 0.00010161634644545201
}