{
  "label_mode": "market_excess",
  "hold_period": 1,
  "top_k": 3,
  "enabled": true,
  "score_quantile": 0.6,
  "topk_mean_quantile": 0.6,
  "score_gap_quantile": 0.5,
  "min_score": 0.005196471605449915,
  "min_topk_mean_score": 0.005687875766307115,
  "min_score_gap": 0.00201131752692163,
  "score_p50": 0.004711255896836519,
  "score_p90": 0.010233105532824997,
  "valid_daily_count": 30,
  "valid_selected_count": 90,
  "valid_topk_mean_label": 0.0017331513459794222,
  "valid_positive_label_rate": 0.4888888888888888,
  "valid_selected_mean_label": 0.001733151063591423
}