{
  "label_mode": "market_excess",
  "hold_period": 2,
  "top_k": 3,
  "enabled": true,
  "score_quantile": 0.6,
  "topk_mean_quantile": 0.6,
  "score_gap_quantile": 0.5,
  "min_score": 0.0015735087683424354,
  "min_topk_mean_score": 0.0014798608608543873,
  "min_score_gap": 0.0009779228130355477,
  "score_p50": 0.00122973567340523,
  "score_p90": 0.0030849113129079353,
  "valid_daily_count": 29,
  "valid_selected_count": 87,
  "valid_topk_mean_label": 0.007775956951984975,
  "valid_positive_label_rate": 0.528735632183908,
  "valid_selected_mean_label": 0.0077759573729869365
}