{
  "label_mode": "market_excess",
  "hold_period": 2,
  "top_k": 3,
  "enabled": true,
  "score_quantile": 0.6,
  "topk_mean_quantile": 0.6,
  "score_gap_quantile": 0.5,
  "min_score": 0.03601325675845146,
  "min_topk_mean_score": 0.039981746673583986,
  "min_score_gap": 0.021989278495311737,
  "score_p50": 0.03340434655547142,
  "score_p90": 0.05711788758635523,
  "valid_daily_count": 29,
  "valid_selected_count": 87,
  "valid_topk_mean_label": -0.00481684815845099,
  "valid_positive_label_rate": 0.3908045977011495,
  "valid_selected_mean_label": -0.004816847978810105
}