{
  "label_mode": "market_excess",
  "hold_period": 2,
  "top_k": 3,
  "enabled": true,
  "score_quantile": 0.6,
  "topk_mean_quantile": 0.6,
  "score_gap_quantile": 0.5,
  "min_score": 0.004399826377630233,
  "min_topk_mean_score": 0.00457310164347291,
  "min_score_gap": 0.0010506159160286188,
  "score_p50": 0.00424239132553339,
  "score_p90": 0.005568633601069452,
  "valid_daily_count": 29,
  "valid_selected_count": 87,
  "valid_topk_mean_label": 0.008418678289985862,
  "valid_positive_label_rate": 0.5517241379310345,
  "valid_selected_mean_label": 0.008418678172901487
}