{
  "label_mode": "market_excess",
  "hold_period": 2,
  "top_k": 3,
  "enabled": true,
  "score_quantile": 0.6,
  "topk_mean_quantile": 0.6,
  "score_gap_quantile": 0.5,
  "min_score": 0.005636129435151816,
  "min_topk_mean_score": 0.005513355974107981,
  "min_score_gap": 0.002182367257773876,
  "score_p50": 0.005316767375916243,
  "score_p90": 0.009529540687799456,
  "valid_daily_count": 29,
  "valid_selected_count": 87,
  "valid_topk_mean_label": 0.0063709804812317776,
  "valid_positive_label_rate": 0.5172413793103448,
  "valid_selected_mean_label": 0.00637098013550357
}