{
  "label_mode": "market_excess",
  "hold_period": 1,
  "top_k": 3,
  "enabled": true,
  "score_quantile": 0.6,
  "topk_mean_quantile": 0.6,
  "score_gap_quantile": 0.5,
  "min_score": 0.012253612093627454,
  "min_topk_mean_score": 0.011908912658691406,
  "min_score_gap": 0.0032306471839547157,
  "score_p50": 0.01162409782409668,
  "score_p90": 0.017206899262964728,
  "valid_daily_count": 30,
  "valid_selected_count": 90,
  "valid_topk_mean_label": 0.002651523290357242,
  "valid_positive_label_rate": 0.47777777777777775,
  "valid_selected_mean_label": 0.0026515235571423546
}