{
  "label_mode": "market_excess",
  "hold_period": 5,
  "top_k": 3,
  "enabled": true,
  "score_quantile": 0.6,
  "topk_mean_quantile": 0.6,
  "score_gap_quantile": 0.5,
  "min_score": 0.04322295933961868,
  "min_topk_mean_score": 0.0460277684032917,
  "min_score_gap": 0.013579592108726501,
  "score_p50": 0.04173124209046364,
  "score_p90": 0.062065166234970076,
  "valid_daily_count": 26,
  "valid_selected_count": 78,
  "valid_topk_mean_label": 0.01736101798283366,
  "valid_positive_label_rate": 0.5769230769230769,
  "valid_selected_mean_label": 0.01736101757628953
}